{
    "image_path": "data/4mm/x9e3mHPUDpzbEHHH4_165742_9401748571828896.jpg",
    "frozen_intri": true,
    "save_visual_result": true,
    "input_intrinsics": {
        "fx": 1223.2489013671875,
        "fy": 1217.8367919921875,
        "cx": 971.3410034179688,
        "cy": 533.7720336914062,
        "cawidth": 1920,
        "caheight": 1080
    },
    "dist_coeffs": {
        "k0": -0.2955333888530731,
        "k1": 0.10201843827962875,
        "p1": 0.000291781616397202,
        "p2": -0.0004300259461160749,
        "k2": 0
    },
    "x": 971.3410034179688,
    "y": 533.7720336914062,
    "w": 100,
    "h": 100
}